store_id,query_term,product_id,upc,brand,item_name,category,price_regular,price_promo,snap_eligible,country_origin,data_source
SYN_WEGMANS,milk,200000001,800000000001,Wegmans,2% Milk,Dairy,5.49,,True,UNITED STATES,synthetic
SYN_WEGMANS,milk,200000002,800000000002,Wegmans,1% Milk,Dairy,4.19,,True,UNITED STATES,synthetic
SYN_WEGMANS,milk,200000003,800000000003,Wegmans,Chocolate Milk,Dairy,7.08,,True,UNITED STATES,synthetic
SYN_WEGMANS,milk,200000004,800000000004,Wegmans,Chocolate Milk,Dairy,5.62,,True,UNITED STATES,synthetic
SYN_WEGMANS,milk,200000005,800000000005,Wegmans,Skim Milk,Dairy,6.35,,True,UNITED STATES,synthetic
SYN_WEGMANS,milk,200000006,800000000006,Wegmans,Almond Milk,Dairy,4.9,,True,UNITED STATES,synthetic
SYN_WEGMANS,milk,200000007,800000000007,Wegmans,Almond Milk,Dairy,7.03,,True,UNITED STATES,synthetic
SYN_WEGMANS,milk,200000008,800000000008,Wegmans,Skim Milk,Dairy,5.88,,True,UNITED STATES,synthetic
SYN_WEGMANS,milk,200000009,800000000009,Wegmans,Chocolate Milk,Dairy,7.41,,True,UNITED STATES,synthetic
SYN_WEGMANS,milk,200000010,800000000010,Wegmans,Oat Milk,Dairy,5.07,,True,UNITED STATES,synthetic
SYN_WEGMANS,milk,200000011,800000000011,Wegmans,Skim Milk,Dairy,4.33,,True,UNITED STATES,synthetic
SYN_WEGMANS,milk,200000012,800000000012,Wegmans,1% Milk,Dairy,4.67,,True,UNITED STATES,synthetic
SYN_WEGMANS,milk,200000013,800000000013,Wegmans,Whole Milk,Dairy,4.72,,True,UNITED STATES,synthetic
SYN_WEGMANS,milk,200000014,800000000014,Wegmans,Soy Milk,Dairy,6.11,,True,UNITED STATES,synthetic
SYN_WEGMANS,milk,200000015,800000000015,Wegmans,2% Milk,Dairy,6.25,,True,UNITED STATES,synthetic
SYN_WEGMANS,milk,200000016,800000000016,Wegmans,Lactose Free Milk,Dairy,6.36,,True,UNITED STATES,synthetic
SYN_WEGMANS,milk,200000017,800000000017,Wegmans,2% Milk,Dairy,4.27,3.9,True,UNITED STATES,synthetic
SYN_WEGMANS,milk,200000018,800000000018,Wegmans,Almond Milk,Dairy,5.7,4.75,True,UNITED STATES,synthetic
SYN_WEGMANS,milk,200000019,800000000019,Wegmans,Lactose Free Milk,Dairy,6.4,5.47,True,UNITED STATES,synthetic
SYN_WEGMANS,milk,200000020,800000000020,Wegmans,Organic Whole Milk,Dairy,4.37,,True,UNITED STATES,synthetic
SYN_WEGMANS,milk,200000021,800000000021,Wegmans,Whole Milk,Dairy,5.15,,True,UNITED STATES,synthetic
SYN_WEGMANS,milk,200000022,800000000022,Wegmans,Skim Milk,Dairy,7.44,,True,UNITED STATES,synthetic
SYN_WEGMANS,milk,200000023,800000000023,Wegmans,1% Milk,Dairy,4.1,2.92,True,UNITED STATES,synthetic
SYN_WEGMANS,milk,200000024,800000000024,Wegmans,Organic Whole Milk,Dairy,5.83,,True,UNITED STATES,synthetic
SYN_WEGMANS,milk,200000025,800000000025,Wegmans,Skim Milk,Dairy,6.07,,True,UNITED STATES,synthetic
SYN_WEGMANS,milk,200000026,800000000026,Wegmans,1% Milk,Dairy,7.1,,True,UNITED STATES,synthetic
SYN_WEGMANS,milk,200000027,800000000027,Wegmans,Oat Milk,Dairy,7.28,,True,UNITED STATES,synthetic
SYN_WEGMANS,milk,200000028,800000000028,Wegmans,Soy Milk,Dairy,7.42,6.35,True,UNITED STATES,synthetic
SYN_WEGMANS,milk,200000029,800000000029,Wegmans,Whole Milk,Dairy,4.38,3.16,True,UNITED STATES,synthetic
SYN_WEGMANS,milk,200000030,800000000030,Wegmans,2% Milk,Dairy,3.83,,True,UNITED STATES,synthetic
SYN_WEGMANS,eggs,200000031,800000000031,Wegmans,Organic Eggs,Dairy,7.23,6.7,True,UNITED STATES,synthetic
SYN_WEGMANS,eggs,200000032,800000000032,Wegmans,Large Brown Eggs,Dairy,5.81,,True,UNITED STATES,synthetic
SYN_WEGMANS,eggs,200000033,800000000033,Wegmans,Extra Large Eggs,Dairy,8.43,,True,UNITED STATES,synthetic
SYN_WEGMANS,eggs,200000034,800000000034,Wegmans,Large Brown Eggs,Dairy,5.53,4.91,True,UNITED STATES,synthetic
SYN_WEGMANS,eggs,200000035,800000000035,Wegmans,Cage Free Eggs,Dairy,8.97,,True,UNITED STATES,synthetic
SYN_WEGMANS,eggs,200000036,800000000036,Wegmans,Eggs (Dozen),Dairy,7.86,7.49,True,UNITED STATES,synthetic
SYN_WEGMANS,eggs,200000037,800000000037,Wegmans,Extra Large Eggs,Dairy,8.71,,True,UNITED STATES,synthetic
SYN_WEGMANS,eggs,200000038,800000000038,Wegmans,Organic Eggs,Dairy,9.0,,True,UNITED STATES,synthetic
SYN_WEGMANS,eggs,200000039,800000000039,Wegmans,Cage Free Eggs,Dairy,9.08,8.5,True,UNITED STATES,synthetic
SYN_WEGMANS,eggs,200000040,800000000040,Wegmans,Cage Free Eggs,Dairy,5.69,,True,UNITED STATES,synthetic
SYN_WEGMANS,eggs,200000041,800000000041,Wegmans,Eggs (Dozen),Dairy,8.35,,True,UNITED STATES,synthetic
SYN_WEGMANS,eggs,200000042,800000000042,Wegmans,Large Brown Eggs,Dairy,8.13,,True,UNITED STATES,synthetic
SYN_WEGMANS,eggs,200000043,800000000043,Wegmans,Eggs (Dozen),Dairy,8.86,,True,UNITED STATES,synthetic
SYN_WEGMANS,eggs,200000044,800000000044,Wegmans,18 Count Eggs,Dairy,5.09,4.24,True,UNITED STATES,synthetic
SYN_WEGMANS,eggs,200000045,800000000045,Wegmans,18 Count Eggs,Dairy,8.89,8.02,True,UNITED STATES,synthetic
SYN_WEGMANS,eggs,200000046,800000000046,Wegmans,Organic Eggs,Dairy,6.52,,True,UNITED STATES,synthetic
SYN_WEGMANS,eggs,200000047,800000000047,Wegmans,Large Brown Eggs,Dairy,6.86,5.66,True,UNITED STATES,synthetic
SYN_WEGMANS,eggs,200000048,800000000048,Wegmans,Cage Free Eggs,Dairy,7.1,,True,UNITED STATES,synthetic
SYN_WEGMANS,eggs,200000049,800000000049,Wegmans,Eggs (Dozen),Dairy,8.21,,True,UNITED STATES,synthetic
SYN_WEGMANS,eggs,200000050,800000000050,Wegmans,Organic Eggs,Dairy,6.29,5.94,True,UNITED STATES,synthetic
SYN_WEGMANS,eggs,200000051,800000000051,Wegmans,Eggs (Dozen),Dairy,5.53,,True,UNITED STATES,synthetic
SYN_WEGMANS,eggs,200000052,800000000052,Wegmans,18 Count Eggs,Dairy,4.05,,True,UNITED STATES,synthetic
SYN_WEGMANS,eggs,200000053,800000000053,Wegmans,Organic Eggs,Dairy,7.35,,True,UNITED STATES,synthetic
SYN_WEGMANS,eggs,200000054,800000000054,Wegmans,Eggs (Dozen),Dairy,9.15,,True,UNITED STATES,synthetic
SYN_WEGMANS,eggs,200000055,800000000055,Wegmans,Extra Large Eggs,Dairy,6.27,5.87,True,UNITED STATES,synthetic
SYN_WEGMANS,eggs,200000056,800000000056,Wegmans,Organic Eggs,Dairy,8.37,7.17,True,UNITED STATES,synthetic
SYN_WEGMANS,eggs,200000057,800000000057,Wegmans,Large Brown Eggs,Dairy,7.48,6.37,True,UNITED STATES,synthetic
SYN_WEGMANS,eggs,200000058,800000000058,Wegmans,Cage Free Eggs,Dairy,5.73,4.92,True,UNITED STATES,synthetic
SYN_WEGMANS,eggs,200000059,800000000059,Wegmans,Eggs (Dozen),Dairy,4.41,3.65,True,UNITED STATES,synthetic
SYN_WEGMANS,eggs,200000060,800000000060,Wegmans,Extra Large Eggs,Dairy,6.79,5.9,True,UNITED STATES,synthetic
SYN_WEGMANS,bread,200000061,800000000061,Wegmans,Wheat Bread,Bakery,2.93,,True,UNITED STATES,synthetic
SYN_WEGMANS,bread,200000062,800000000062,Wegmans,Italian Bread,Bakery,3.96,3.24,True,UNITED STATES,synthetic
SYN_WEGMANS,bread,200000063,800000000063,Wegmans,Hamburger Buns,Bakery,4.05,,True,UNITED STATES,synthetic
SYN_WEGMANS,bread,200000064,800000000064,Wegmans,Italian Bread,Bakery,5.7,4.78,True,UNITED STATES,synthetic
SYN_WEGMANS,bread,200000065,800000000065,Wegmans,Texas Toast,Bakery,2.7,,True,UNITED STATES,synthetic
SYN_WEGMANS,bread,200000066,800000000066,Wegmans,Wheat Bread,Bakery,2.53,,True,UNITED STATES,synthetic
SYN_WEGMANS,bread,200000067,800000000067,Wegmans,Sourdough Bread,Bakery,3.45,,True,UNITED STATES,synthetic
SYN_WEGMANS,bread,200000068,800000000068,Wegmans,Sourdough Bread,Bakery,2.84,,True,UNITED STATES,synthetic
SYN_WEGMANS,bread,200000069,800000000069,Wegmans,Wheat Bread,Bakery,5.51,5.12,True,UNITED STATES,synthetic
SYN_WEGMANS,bread,200000070,800000000070,Wegmans,Hamburger Buns,Bakery,2.61,,True,UNITED STATES,synthetic
SYN_WEGMANS,bread,200000071,800000000071,Wegmans,Multigrain Bread,Bakery,6.04,,True,UNITED STATES,synthetic
SYN_WEGMANS,bread,200000072,800000000072,Wegmans,White Bread,Bakery,5.98,,True,UNITED STATES,synthetic
SYN_WEGMANS,bread,200000073,800000000073,Wegmans,Hamburger Buns,Bakery,4.5,,True,UNITED STATES,synthetic
SYN_WEGMANS,bread,200000074,800000000074,Wegmans,Wheat Bread,Bakery,2.71,,True,UNITED STATES,synthetic
SYN_WEGMANS,bread,200000075,800000000075,Wegmans,Bagels,Bakery,2.54,1.77,True,UNITED STATES,synthetic
SYN_WEGMANS,bread,200000076,800000000076,Wegmans,Bagels,Bakery,4.05,,True,UNITED STATES,synthetic
SYN_WEGMANS,bread,200000077,800000000077,Wegmans,Multigrain Bread,Bakery,4.81,3.91,True,UNITED STATES,synthetic
SYN_WEGMANS,bread,200000078,800000000078,Wegmans,Hamburger Buns,Bakery,6.22,5.48,True,UNITED STATES,synthetic
SYN_WEGMANS,bread,200000079,800000000079,Wegmans,Texas Toast,Bakery,3.2,2.24,True,UNITED STATES,synthetic
SYN_WEGMANS,bread,200000080,800000000080,Wegmans,Bagels,Bakery,2.64,1.47,True,UNITED STATES,synthetic
SYN_WEGMANS,bread,200000081,800000000081,Wegmans,Texas Toast,Bakery,2.88,,True,UNITED STATES,synthetic
SYN_WEGMANS,bread,200000082,800000000082,Wegmans,White Bread,Bakery,3.73,,True,UNITED STATES,synthetic
SYN_WEGMANS,bread,200000083,800000000083,Wegmans,Bagels,Bakery,5.82,,True,UNITED STATES,synthetic
SYN_WEGMANS,bread,200000084,800000000084,Wegmans,Wheat Bread,Bakery,4.17,,True,UNITED STATES,synthetic
SYN_WEGMANS,bread,200000085,800000000085,Wegmans,Texas Toast,Bakery,5.83,,True,UNITED STATES,synthetic
SYN_WEGMANS,bread,200000086,800000000086,Wegmans,Texas Toast,Bakery,5.6,,True,UNITED STATES,synthetic
SYN_WEGMANS,bread,200000087,800000000087,Wegmans,White Bread,Bakery,2.58,,True,UNITED STATES,synthetic
SYN_WEGMANS,bread,200000088,800000000088,Wegmans,Multigrain Bread,Bakery,3.38,2.4,True,UNITED STATES,synthetic
SYN_WEGMANS,bread,200000089,800000000089,Wegmans,Texas Toast,Bakery,4.68,,True,UNITED STATES,synthetic
SYN_WEGMANS,bread,200000090,800000000090,Wegmans,Wheat Bread,Bakery,5.6,,True,UNITED STATES,synthetic
SYN_WEGMANS,apples,200000091,800000000091,Wegmans,Granny Smith Apples,Produce,4.77,4.52,True,UNITED STATES,synthetic
SYN_WEGMANS,apples,200000092,800000000092,Wegmans,Red Delicious Apples,Produce,5.04,4.41,True,UNITED STATES,synthetic
SYN_WEGMANS,apples,200000093,800000000093,Wegmans,Gala Apples,Produce,5.15,,True,UNITED STATES,synthetic
SYN_WEGMANS,apples,200000094,800000000094,Wegmans,Gala Apples,Produce,5.01,,True,UNITED STATES,synthetic
SYN_WEGMANS,apples,200000095,800000000095,Wegmans,Pink Lady Apples,Produce,2.17,,True,UNITED STATES,synthetic
SYN_WEGMANS,apples,200000096,800000000096,Wegmans,Honeycrisp Apples,Produce,1.83,1.52,True,UNITED STATES,synthetic
SYN_WEGMANS,apples,200000097,800000000097,Wegmans,Honeycrisp Apples,Produce,3.68,,True,UNITED STATES,synthetic
SYN_WEGMANS,apples,200000098,800000000098,Wegmans,Gala Apples,Produce,3.55,3.06,True,UNITED STATES,synthetic
SYN_WEGMANS,apples,200000099,800000000099,Wegmans,Fuji Apples,Produce,2.19,,True,UNITED STATES,synthetic
SYN_WEGMANS,apples,200000100,800000000100,Wegmans,Fuji Apples,Produce,4.67,,True,UNITED STATES,synthetic
SYN_WEGMANS,apples,200000101,800000000101,Wegmans,Red Delicious Apples,Produce,4.43,3.42,True,UNITED STATES,synthetic
SYN_WEGMANS,apples,200000102,800000000102,Wegmans,Granny Smith Apples,Produce,1.87,,True,UNITED STATES,synthetic
SYN_WEGMANS,apples,200000103,800000000103,Wegmans,Fuji Apples,Produce,1.98,,True,UNITED STATES,synthetic
SYN_WEGMANS,apples,200000104,800000000104,Wegmans,Pink Lady Apples,Produce,2.48,,True,UNITED STATES,synthetic
SYN_WEGMANS,apples,200000105,800000000105,Wegmans,Pink Lady Apples,Produce,2.23,1.76,True,UNITED STATES,synthetic
SYN_WEGMANS,apples,200000106,800000000106,Wegmans,Honeycrisp Apples,Produce,2.51,,True,UNITED STATES,synthetic
SYN_WEGMANS,apples,200000107,800000000107,Wegmans,Gala Apples,Produce,4.84,,True,UNITED STATES,synthetic
SYN_WEGMANS,apples,200000108,800000000108,Wegmans,Red Delicious Apples,Produce,4.96,4.04,True,UNITED STATES,synthetic
SYN_WEGMANS,apples,200000109,800000000109,Wegmans,Pink Lady Apples,Produce,4.12,3.2,True,UNITED STATES,synthetic
SYN_WEGMANS,apples,200000110,800000000110,Wegmans,Honeycrisp Apples,Produce,2.71,2.33,True,UNITED STATES,synthetic
SYN_WEGMANS,apples,200000111,800000000111,Wegmans,Fuji Apples,Produce,4.37,,True,UNITED STATES,synthetic
SYN_WEGMANS,apples,200000112,800000000112,Wegmans,Gala Apples,Produce,2.36,,True,UNITED STATES,synthetic
SYN_WEGMANS,apples,200000113,800000000113,Wegmans,Granny Smith Apples,Produce,4.69,,True,UNITED STATES,synthetic
SYN_WEGMANS,apples,200000114,800000000114,Wegmans,Fuji Apples,Produce,4.37,,True,UNITED STATES,synthetic
SYN_WEGMANS,apples,200000115,800000000115,Wegmans,Honeycrisp Apples,Produce,4.93,,True,UNITED STATES,synthetic
SYN_WEGMANS,apples,200000116,800000000116,Wegmans,Fuji Apples,Produce,3.62,3.34,True,UNITED STATES,synthetic
SYN_WEGMANS,apples,200000117,800000000117,Wegmans,Pink Lady Apples,Produce,5.17,,True,UNITED STATES,synthetic
SYN_WEGMANS,apples,200000118,800000000118,Wegmans,Gala Apples,Produce,4.23,,True,UNITED STATES,synthetic
SYN_WEGMANS,apples,200000119,800000000119,Wegmans,Granny Smith Apples,Produce,4.57,,True,UNITED STATES,synthetic
SYN_WEGMANS,apples,200000120,800000000120,Wegmans,Red Delicious Apples,Produce,2.99,,True,UNITED STATES,synthetic
SYN_WEGMANS,bananas,200000121,800000000121,Wegmans,Banana Bunch,Produce,1.03,,True,ECUADOR,synthetic
SYN_WEGMANS,bananas,200000122,800000000122,Wegmans,Mini Bananas,Produce,1.54,0.56,True,ECUADOR,synthetic
SYN_WEGMANS,bananas,200000123,800000000123,Wegmans,Mini Bananas,Produce,0.95,,True,ECUADOR,synthetic
SYN_WEGMANS,bananas,200000124,800000000124,Wegmans,Organic Bananas,Produce,1.86,,True,ECUADOR,synthetic
SYN_WEGMANS,bananas,200000125,800000000125,Wegmans,Banana Bunch,Produce,1.89,,True,ECUADOR,synthetic
SYN_WEGMANS,bananas,200000126,800000000126,Wegmans,Mini Bananas,Produce,0.85,,True,ECUADOR,synthetic
SYN_WEGMANS,bananas,200000127,800000000127,Wegmans,Banana Bunch,Produce,1.91,,True,ECUADOR,synthetic
SYN_WEGMANS,bananas,200000128,800000000128,Wegmans,Bananas,Produce,1.67,,True,ECUADOR,synthetic
SYN_WEGMANS,bananas,200000129,800000000129,Wegmans,Mini Bananas,Produce,1.44,0.71,True,ECUADOR,synthetic
SYN_WEGMANS,bananas,200000130,800000000130,Wegmans,Mini Bananas,Produce,1.7,0.92,True,ECUADOR,synthetic
SYN_WEGMANS,bananas,200000131,800000000131,Wegmans,Banana Bunch,Produce,1.41,0.38,True,ECUADOR,synthetic
SYN_WEGMANS,bananas,200000132,800000000132,Wegmans,Banana Bunch,Produce,2.25,,True,ECUADOR,synthetic
SYN_WEGMANS,bananas,200000133,800000000133,Wegmans,Bananas,Produce,2.25,,True,ECUADOR,synthetic
SYN_WEGMANS,bananas,200000134,800000000134,Wegmans,Mini Bananas,Produce,1.22,,True,ECUADOR,synthetic
SYN_WEGMANS,bananas,200000135,800000000135,Wegmans,Banana Bunch,Produce,1.12,0.27,True,ECUADOR,synthetic
SYN_WEGMANS,bananas,200000136,800000000136,Wegmans,Organic Bananas,Produce,1.07,,True,ECUADOR,synthetic
SYN_WEGMANS,bananas,200000137,800000000137,Wegmans,Bananas,Produce,1.12,0.4,True,ECUADOR,synthetic
SYN_WEGMANS,bananas,200000138,800000000138,Wegmans,Banana Bunch,Produce,1.61,,True,ECUADOR,synthetic
SYN_WEGMANS,bananas,200000139,800000000139,Wegmans,Banana Bunch,Produce,1.9,,True,ECUADOR,synthetic
SYN_WEGMANS,bananas,200000140,800000000140,Wegmans,Banana Bunch,Produce,1.04,,True,ECUADOR,synthetic
SYN_WEGMANS,bananas,200000141,800000000141,Wegmans,Mini Bananas,Produce,2.06,,True,ECUADOR,synthetic
SYN_WEGMANS,bananas,200000142,800000000142,Wegmans,Banana Bunch,Produce,2.17,,True,ECUADOR,synthetic
SYN_WEGMANS,bananas,200000143,800000000143,Wegmans,Bananas,Produce,0.75,,True,ECUADOR,synthetic
SYN_WEGMANS,bananas,200000144,800000000144,Wegmans,Bananas,Produce,1.77,1.35,True,ECUADOR,synthetic
SYN_WEGMANS,bananas,200000145,800000000145,Wegmans,Organic Bananas,Produce,2.1,,True,ECUADOR,synthetic
SYN_WEGMANS,bananas,200000146,800000000146,Wegmans,Banana Bunch,Produce,0.91,,True,ECUADOR,synthetic
SYN_WEGMANS,bananas,200000147,800000000147,Wegmans,Banana Bunch,Produce,1.92,,True,ECUADOR,synthetic
SYN_WEGMANS,bananas,200000148,800000000148,Wegmans,Banana Bunch,Produce,1.46,,True,ECUADOR,synthetic
SYN_WEGMANS,bananas,200000149,800000000149,Wegmans,Bananas,Produce,0.79,,True,ECUADOR,synthetic
SYN_WEGMANS,bananas,200000150,800000000150,Wegmans,Bananas,Produce,1.84,,True,ECUADOR,synthetic
SYN_WEGMANS,rice,200000151,800000000151,Wegmans,Instant Rice,Pantry,7.32,,True,UNITED STATES,synthetic
SYN_WEGMANS,rice,200000152,800000000152,Wegmans,Jasmine Rice,Pantry,7.17,,True,UNITED STATES,synthetic
SYN_WEGMANS,rice,200000153,800000000153,Wegmans,Instant Rice,Pantry,7.64,,True,UNITED STATES,synthetic
SYN_WEGMANS,rice,200000154,800000000154,Wegmans,Jasmine Rice,Pantry,5.31,,True,UNITED STATES,synthetic
SYN_WEGMANS,rice,200000155,800000000155,Wegmans,Brown Rice,Pantry,5.05,3.86,True,UNITED STATES,synthetic
SYN_WEGMANS,rice,200000156,800000000156,Wegmans,Jasmine Rice,Pantry,5.12,,True,UNITED STATES,synthetic
SYN_WEGMANS,rice,200000157,800000000157,Wegmans,Brown Rice,Pantry,7.29,6.18,True,UNITED STATES,synthetic
SYN_WEGMANS,rice,200000158,800000000158,Wegmans,Jasmine Rice,Pantry,3.12,,True,UNITED STATES,synthetic
SYN_WEGMANS,rice,200000159,800000000159,Wegmans,Brown Rice,Pantry,3.38,,True,UNITED STATES,synthetic
SYN_WEGMANS,rice,200000160,800000000160,Wegmans,Brown Rice,Pantry,4.67,,True,UNITED STATES,synthetic
SYN_WEGMANS,rice,200000161,800000000161,Wegmans,Brown Rice,Pantry,5.15,,True,UNITED STATES,synthetic
SYN_WEGMANS,rice,200000162,800000000162,Wegmans,Instant Rice,Pantry,3.88,2.82,True,UNITED STATES,synthetic
SYN_WEGMANS,rice,200000163,800000000163,Wegmans,Basmati Rice,Pantry,2.51,,True,UNITED STATES,synthetic
SYN_WEGMANS,rice,200000164,800000000164,Wegmans,Basmati Rice,Pantry,4.31,,True,UNITED STATES,synthetic
SYN_WEGMANS,rice,200000165,800000000165,Wegmans,Jasmine Rice,Pantry,6.86,,True,UNITED STATES,synthetic
SYN_WEGMANS,rice,200000166,800000000166,Wegmans,Instant Rice,Pantry,5.21,4.33,True,UNITED STATES,synthetic
SYN_WEGMANS,rice,200000167,800000000167,Wegmans,Instant Rice,Pantry,4.87,3.94,True,UNITED STATES,synthetic
SYN_WEGMANS,rice,200000168,800000000168,Wegmans,Brown Rice,Pantry,6.01,,True,UNITED STATES,synthetic
SYN_WEGMANS,rice,200000169,800000000169,Wegmans,Long Grain Rice,Pantry,3.22,,True,UNITED STATES,synthetic
SYN_WEGMANS,rice,200000170,800000000170,Wegmans,Jasmine Rice,Pantry,5.45,,True,UNITED STATES,synthetic
SYN_WEGMANS,rice,200000171,800000000171,Wegmans,Instant Rice,Pantry,2.33,,True,UNITED STATES,synthetic
SYN_WEGMANS,rice,200000172,800000000172,Wegmans,Brown Rice,Pantry,7.86,7.58,True,UNITED STATES,synthetic
SYN_WEGMANS,rice,200000173,800000000173,Wegmans,Instant Rice,Pantry,4.71,,True,UNITED STATES,synthetic
SYN_WEGMANS,rice,200000174,800000000174,Wegmans,Basmati Rice,Pantry,5.56,4.51,True,UNITED STATES,synthetic
SYN_WEGMANS,rice,200000175,800000000175,Wegmans,Long Grain Rice,Pantry,3.23,2.86,True,UNITED STATES,synthetic
SYN_WEGMANS,rice,200000176,800000000176,Wegmans,Jasmine Rice,Pantry,3.1,2.43,True,UNITED STATES,synthetic
SYN_WEGMANS,rice,200000177,800000000177,Wegmans,Jasmine Rice,Pantry,4.29,,True,UNITED STATES,synthetic
SYN_WEGMANS,rice,200000178,800000000178,Wegmans,Brown Rice,Pantry,6.21,,True,UNITED STATES,synthetic
SYN_WEGMANS,rice,200000179,800000000179,Wegmans,White Rice,Pantry,4.94,4.19,True,UNITED STATES,synthetic
SYN_WEGMANS,rice,200000180,800000000180,Wegmans,Jasmine Rice,Pantry,3.58,2.49,True,UNITED STATES,synthetic
SYN_WEGMANS,pasta,200000181,800000000181,Wegmans,Angel Hair Pasta,Pantry,4.26,,True,UNITED STATES,synthetic
SYN_WEGMANS,pasta,200000182,800000000182,Wegmans,Spaghetti,Pantry,2.33,,True,UNITED STATES,synthetic
SYN_WEGMANS,pasta,200000183,800000000183,Wegmans,Rotini,Pantry,4.61,3.38,True,UNITED STATES,synthetic
SYN_WEGMANS,pasta,200000184,800000000184,Wegmans,Penne,Pantry,3.99,,True,UNITED STATES,synthetic
SYN_WEGMANS,pasta,200000185,800000000185,Wegmans,Angel Hair Pasta,Pantry,4.52,,True,UNITED STATES,synthetic
SYN_WEGMANS,pasta,200000186,800000000186,Wegmans,Rotini,Pantry,1.93,,True,UNITED STATES,synthetic
SYN_WEGMANS,pasta,200000187,800000000187,Wegmans,Penne,Pantry,4.65,,True,UNITED STATES,synthetic
SYN_WEGMANS,pasta,200000188,800000000188,Wegmans,Spaghetti,Pantry,2.79,,True,UNITED STATES,synthetic
SYN_WEGMANS,pasta,200000189,800000000189,Wegmans,Rotini,Pantry,5.05,4.39,True,UNITED STATES,synthetic
SYN_WEGMANS,pasta,200000190,800000000190,Wegmans,Fettuccine,Pantry,2.83,1.9,True,UNITED STATES,synthetic
SYN_WEGMANS,pasta,200000191,800000000191,Wegmans,Rotini,Pantry,4.04,,True,UNITED STATES,synthetic
SYN_WEGMANS,pasta,200000192,800000000192,Wegmans,Angel Hair Pasta,Pantry,4.27,3.17,True,UNITED STATES,synthetic
SYN_WEGMANS,pasta,200000193,800000000193,Wegmans,Penne,Pantry,3.66,2.42,True,UNITED STATES,synthetic
SYN_WEGMANS,pasta,200000194,800000000194,Wegmans,Spaghetti,Pantry,1.92,1.35,True,UNITED STATES,synthetic
SYN_WEGMANS,pasta,200000195,800000000195,Wegmans,Spaghetti,Pantry,4.96,,True,UNITED STATES,synthetic
SYN_WEGMANS,pasta,200000196,800000000196,Wegmans,Rotini,Pantry,4.11,,True,UNITED STATES,synthetic
SYN_WEGMANS,pasta,200000197,800000000197,Wegmans,Elbow Macaroni,Pantry,3.25,,True,UNITED STATES,synthetic
SYN_WEGMANS,pasta,200000198,800000000198,Wegmans,Angel Hair Pasta,Pantry,2.65,,True,UNITED STATES,synthetic
SYN_WEGMANS,pasta,200000199,800000000199,Wegmans,Spaghetti,Pantry,3.2,,True,UNITED STATES,synthetic
SYN_WEGMANS,pasta,200000200,800000000200,Wegmans,Fettuccine,Pantry,5.08,4.79,True,UNITED STATES,synthetic
SYN_WEGMANS,pasta,200000201,800000000201,Wegmans,Penne,Pantry,3.04,2.6,True,UNITED STATES,synthetic
SYN_WEGMANS,pasta,200000202,800000000202,Wegmans,Rotini,Pantry,3.26,2.74,True,UNITED STATES,synthetic
SYN_WEGMANS,pasta,200000203,800000000203,Wegmans,Elbow Macaroni,Pantry,4.44,,True,UNITED STATES,synthetic
SYN_WEGMANS,pasta,200000204,800000000204,Wegmans,Fettuccine,Pantry,3.71,,True,UNITED STATES,synthetic
SYN_WEGMANS,pasta,200000205,800000000205,Wegmans,Penne,Pantry,1.93,,True,UNITED STATES,synthetic
SYN_WEGMANS,pasta,200000206,800000000206,Wegmans,Elbow Macaroni,Pantry,5.0,,True,UNITED STATES,synthetic
SYN_WEGMANS,pasta,200000207,800000000207,Wegmans,Fettuccine,Pantry,4.08,3.29,True,UNITED STATES,synthetic
SYN_WEGMANS,pasta,200000208,800000000208,Wegmans,Fettuccine,Pantry,1.73,1.27,True,UNITED STATES,synthetic
SYN_WEGMANS,pasta,200000209,800000000209,Wegmans,Rotini,Pantry,3.61,3.0,True,UNITED STATES,synthetic
SYN_WEGMANS,pasta,200000210,800000000210,Wegmans,Elbow Macaroni,Pantry,3.72,,True,UNITED STATES,synthetic
SYN_WEGMANS,chicken,200000211,800000000211,Wegmans,Chicken Wings,Meat,8.46,,True,UNITED STATES,synthetic
SYN_WEGMANS,chicken,200000212,800000000212,Wegmans,Ground Chicken,Meat,7.11,,True,UNITED STATES,synthetic
SYN_WEGMANS,chicken,200000213,800000000213,Wegmans,Ground Chicken,Meat,9.85,,True,UNITED STATES,synthetic
SYN_WEGMANS,chicken,200000214,800000000214,Wegmans,Chicken Tenders,Meat,8.98,8.08,True,UNITED STATES,synthetic
SYN_WEGMANS,chicken,200000215,800000000215,Wegmans,Chicken Tenders,Meat,9.99,9.72,True,UNITED STATES,synthetic
SYN_WEGMANS,chicken,200000216,800000000216,Wegmans,Chicken Breast,Meat,9.8,,True,UNITED STATES,synthetic
SYN_WEGMANS,chicken,200000217,800000000217,Wegmans,Chicken Tenders,Meat,6.0,4.76,True,UNITED STATES,synthetic
SYN_WEGMANS,chicken,200000218,800000000218,Wegmans,Chicken Breast,Meat,11.94,,True,UNITED STATES,synthetic
SYN_WEGMANS,chicken,200000219,800000000219,Wegmans,Chicken Breast,Meat,6.87,,True,UNITED STATES,synthetic
SYN_WEGMANS,chicken,200000220,800000000220,Wegmans,Ground Chicken,Meat,11.34,,True,UNITED STATES,synthetic
SYN_WEGMANS,chicken,200000221,800000000221,Wegmans,Chicken Wings,Meat,7.22,,True,UNITED STATES,synthetic
SYN_WEGMANS,chicken,200000222,800000000222,Wegmans,Chicken Wings,Meat,11.01,,True,UNITED STATES,synthetic
SYN_WEGMANS,chicken,200000223,800000000223,Wegmans,Ground Chicken,Meat,9.74,9.41,True,UNITED STATES,synthetic
SYN_WEGMANS,chicken,200000224,800000000224,Wegmans,Chicken Thighs,Meat,6.89,,True,UNITED STATES,synthetic
SYN_WEGMANS,chicken,200000225,800000000225,Wegmans,Chicken Thighs,Meat,12.43,,True,UNITED STATES,synthetic
SYN_WEGMANS,chicken,200000226,800000000226,Wegmans,Whole Chicken,Meat,6.13,,True,UNITED STATES,synthetic
SYN_WEGMANS,chicken,200000227,800000000227,Wegmans,Chicken Thighs,Meat,8.81,,True,UNITED STATES,synthetic
SYN_WEGMANS,chicken,200000228,800000000228,Wegmans,Chicken Tenders,Meat,5.86,,True,UNITED STATES,synthetic
SYN_WEGMANS,chicken,200000229,800000000229,Wegmans,Whole Chicken,Meat,9.55,,True,UNITED STATES,synthetic
SYN_WEGMANS,chicken,200000230,800000000230,Wegmans,Chicken Tenders,Meat,6.36,5.16,True,UNITED STATES,synthetic
SYN_WEGMANS,chicken,200000231,800000000231,Wegmans,Chicken Breast,Meat,7.69,,True,UNITED STATES,synthetic
SYN_WEGMANS,chicken,200000232,800000000232,Wegmans,Chicken Breast,Meat,8.59,,True,UNITED STATES,synthetic
SYN_WEGMANS,chicken,200000233,800000000233,Wegmans,Ground Chicken,Meat,10.87,,True,UNITED STATES,synthetic
SYN_WEGMANS,chicken,200000234,800000000234,Wegmans,Chicken Thighs,Meat,11.86,11.41,True,UNITED STATES,synthetic
SYN_WEGMANS,chicken,200000235,800000000235,Wegmans,Chicken Thighs,Meat,5.74,5.19,True,UNITED STATES,synthetic
SYN_WEGMANS,chicken,200000236,800000000236,Wegmans,Chicken Thighs,Meat,7.14,,True,UNITED STATES,synthetic
SYN_WEGMANS,chicken,200000237,800000000237,Wegmans,Whole Chicken,Meat,11.23,,True,UNITED STATES,synthetic
SYN_WEGMANS,chicken,200000238,800000000238,Wegmans,Chicken Wings,Meat,9.81,,True,UNITED STATES,synthetic
SYN_WEGMANS,chicken,200000239,800000000239,Wegmans,Chicken Wings,Meat,9.71,8.59,True,UNITED STATES,synthetic
SYN_WEGMANS,chicken,200000240,800000000240,Wegmans,Chicken Wings,Meat,7.39,,True,UNITED STATES,synthetic
SYN_WEGMANS,cheese,200000241,800000000241,Wegmans,Cheddar Cheese,Dairy,6.86,5.93,True,UNITED STATES,synthetic
SYN_WEGMANS,cheese,200000242,800000000242,Wegmans,Shredded Cheese,Dairy,4.69,,True,UNITED STATES,synthetic
SYN_WEGMANS,cheese,200000243,800000000243,Wegmans,Pepper Jack Cheese,Dairy,4.47,,True,UNITED STATES,synthetic
SYN_WEGMANS,cheese,200000244,800000000244,Wegmans,Shredded Cheese,Dairy,3.28,2.14,True,UNITED STATES,synthetic
SYN_WEGMANS,cheese,200000245,800000000245,Wegmans,Shredded Cheese,Dairy,3.8,2.84,True,UNITED STATES,synthetic
SYN_WEGMANS,cheese,200000246,800000000246,Wegmans,American Cheese Slices,Dairy,6.27,,True,UNITED STATES,synthetic
SYN_WEGMANS,cheese,200000247,800000000247,Wegmans,Pepper Jack Cheese,Dairy,5.37,,True,UNITED STATES,synthetic
SYN_WEGMANS,cheese,200000248,800000000248,Wegmans,Cheddar Cheese,Dairy,3.94,,True,UNITED STATES,synthetic
SYN_WEGMANS,cheese,200000249,800000000249,Wegmans,American Cheese Slices,Dairy,6.3,,True,UNITED STATES,synthetic
SYN_WEGMANS,cheese,200000250,800000000250,Wegmans,Swiss Cheese,Dairy,5.63,,True,UNITED STATES,synthetic
SYN_WEGMANS,cheese,200000251,800000000251,Wegmans,Cheddar Cheese,Dairy,6.24,,True,UNITED STATES,synthetic
SYN_WEGMANS,cheese,200000252,800000000252,Wegmans,American Cheese Slices,Dairy,5.91,,True,UNITED STATES,synthetic
SYN_WEGMANS,cheese,200000253,800000000253,Wegmans,Cheddar Cheese,Dairy,6.41,5.65,True,UNITED STATES,synthetic
SYN_WEGMANS,cheese,200000254,800000000254,Wegmans,Swiss Cheese,Dairy,3.53,,True,UNITED STATES,synthetic
SYN_WEGMANS,cheese,200000255,800000000255,Wegmans,Pepper Jack Cheese,Dairy,6.65,,True,UNITED STATES,synthetic
SYN_WEGMANS,cheese,200000256,800000000256,Wegmans,Mozzarella Cheese,Dairy,6.14,5.04,True,UNITED STATES,synthetic
SYN_WEGMANS,cheese,200000257,800000000257,Wegmans,American Cheese Slices,Dairy,7.25,6.51,True,UNITED STATES,synthetic
SYN_WEGMANS,cheese,200000258,800000000258,Wegmans,Cheddar Cheese,Dairy,3.41,3.16,True,UNITED STATES,synthetic
SYN_WEGMANS,cheese,200000259,800000000259,Wegmans,American Cheese Slices,Dairy,7.1,6.09,True,UNITED STATES,synthetic
SYN_WEGMANS,cheese,200000260,800000000260,Wegmans,Swiss Cheese,Dairy,6.65,,True,UNITED STATES,synthetic
SYN_WEGMANS,cheese,200000261,800000000261,Wegmans,Mozzarella Cheese,Dairy,3.6,2.95,True,UNITED STATES,synthetic
SYN_WEGMANS,cheese,200000262,800000000262,Wegmans,Shredded Cheese,Dairy,7.09,,True,UNITED STATES,synthetic
SYN_WEGMANS,cheese,200000263,800000000263,Wegmans,Cheddar Cheese,Dairy,4.21,,True,UNITED STATES,synthetic
SYN_WEGMANS,cheese,200000264,800000000264,Wegmans,Shredded Cheese,Dairy,6.97,,True,UNITED STATES,synthetic
SYN_WEGMANS,cheese,200000265,800000000265,Wegmans,Mozzarella Cheese,Dairy,6.51,,True,UNITED STATES,synthetic
SYN_WEGMANS,cheese,200000266,800000000266,Wegmans,Pepper Jack Cheese,Dairy,4.36,3.84,True,UNITED STATES,synthetic
SYN_WEGMANS,cheese,200000267,800000000267,Wegmans,Swiss Cheese,Dairy,3.66,,True,UNITED STATES,synthetic
SYN_WEGMANS,cheese,200000268,800000000268,Wegmans,American Cheese Slices,Dairy,4.43,,True,UNITED STATES,synthetic
SYN_WEGMANS,cheese,200000269,800000000269,Wegmans,Cheddar Cheese,Dairy,3.77,3.45,True,UNITED STATES,synthetic
SYN_WEGMANS,cheese,200000270,800000000270,Wegmans,American Cheese Slices,Dairy,2.94,,True,UNITED STATES,synthetic
SYN_WEGMANS,yogurt,200000271,800000000271,Wegmans,Vanilla Yogurt,Dairy,5.23,4.78,True,UNITED STATES,synthetic
SYN_WEGMANS,yogurt,200000272,800000000272,Wegmans,Organic Yogurt,Dairy,1.24,,True,UNITED STATES,synthetic
SYN_WEGMANS,yogurt,200000273,800000000273,Wegmans,Vanilla Yogurt,Dairy,2.35,1.37,True,UNITED STATES,synthetic
SYN_WEGMANS,yogurt,200000274,800000000274,Wegmans,Vanilla Yogurt,Dairy,3.4,2.66,True,UNITED STATES,synthetic
SYN_WEGMANS,yogurt,200000275,800000000275,Wegmans,Greek Yogurt,Dairy,2.04,,True,UNITED STATES,synthetic
SYN_WEGMANS,yogurt,200000276,800000000276,Wegmans,Greek Yogurt,Dairy,3.51,2.9,True,UNITED STATES,synthetic
SYN_WEGMANS,yogurt,200000277,800000000277,Wegmans,Strawberry Yogurt,Dairy,1.39,,True,UNITED STATES,synthetic
SYN_WEGMANS,yogurt,200000278,800000000278,Wegmans,Vanilla Yogurt,Dairy,1.37,,True,UNITED STATES,synthetic
SYN_WEGMANS,yogurt,200000279,800000000279,Wegmans,Organic Yogurt,Dairy,4.05,,True,UNITED STATES,synthetic
SYN_WEGMANS,yogurt,200000280,800000000280,Wegmans,Organic Yogurt,Dairy,5.24,4.62,True,UNITED STATES,synthetic
SYN_WEGMANS,yogurt,200000281,800000000281,Wegmans,Greek Yogurt,Dairy,3.6,2.61,True,UNITED STATES,synthetic
SYN_WEGMANS,yogurt,200000282,800000000282,Wegmans,Greek Yogurt,Dairy,6.03,4.82,True,UNITED STATES,synthetic
SYN_WEGMANS,yogurt,200000283,800000000283,Wegmans,Greek Yogurt,Dairy,5.14,3.97,True,UNITED STATES,synthetic
SYN_WEGMANS,yogurt,200000284,800000000284,Wegmans,Plain Yogurt,Dairy,1.68,,True,UNITED STATES,synthetic
SYN_WEGMANS,yogurt,200000285,800000000285,Wegmans,Plain Yogurt,Dairy,3.85,,True,UNITED STATES,synthetic
SYN_WEGMANS,yogurt,200000286,800000000286,Wegmans,Organic Yogurt,Dairy,3.74,2.83,True,UNITED STATES,synthetic
SYN_WEGMANS,yogurt,200000287,800000000287,Wegmans,Organic Yogurt,Dairy,1.46,0.42,True,UNITED STATES,synthetic
SYN_WEGMANS,yogurt,200000288,800000000288,Wegmans,Organic Yogurt,Dairy,4.74,4.44,True,UNITED STATES,synthetic
SYN_WEGMANS,yogurt,200000289,800000000289,Wegmans,Vanilla Yogurt,Dairy,5.12,,True,UNITED STATES,synthetic
SYN_WEGMANS,yogurt,200000290,800000000290,Wegmans,Organic Yogurt,Dairy,1.54,,True,UNITED STATES,synthetic
SYN_WEGMANS,yogurt,200000291,800000000291,Wegmans,Vanilla Yogurt,Dairy,5.45,,True,UNITED STATES,synthetic
SYN_WEGMANS,yogurt,200000292,800000000292,Wegmans,Vanilla Yogurt,Dairy,5.67,,True,UNITED STATES,synthetic
SYN_WEGMANS,yogurt,200000293,800000000293,Wegmans,Organic Yogurt,Dairy,3.07,,True,UNITED STATES,synthetic
SYN_WEGMANS,yogurt,200000294,800000000294,Wegmans,Low Fat Yogurt,Dairy,3.35,,True,UNITED STATES,synthetic
SYN_WEGMANS,yogurt,200000295,800000000295,Wegmans,Organic Yogurt,Dairy,1.06,0.13,True,UNITED STATES,synthetic
SYN_WEGMANS,yogurt,200000296,800000000296,Wegmans,Plain Yogurt,Dairy,4.75,4.31,True,UNITED STATES,synthetic
SYN_WEGMANS,yogurt,200000297,800000000297,Wegmans,Strawberry Yogurt,Dairy,4.8,4.15,True,UNITED STATES,synthetic
SYN_WEGMANS,yogurt,200000298,800000000298,Wegmans,Greek Yogurt,Dairy,5.03,,True,UNITED STATES,synthetic
SYN_WEGMANS,yogurt,200000299,800000000299,Wegmans,Low Fat Yogurt,Dairy,4.69,,True,UNITED STATES,synthetic
SYN_WEGMANS,yogurt,200000300,800000000300,Wegmans,Vanilla Yogurt,Dairy,2.24,,True,UNITED STATES,synthetic
SYN_WALMART,milk,200000301,800000000301,Great Value,Organic Whole Milk,Dairy,3.31,,True,UNITED STATES,synthetic
SYN_WALMART,milk,200000302,800000000302,Great Value,Chocolate Milk,Dairy,3.39,,True,UNITED STATES,synthetic
SYN_WALMART,milk,200000303,800000000303,Great Value,2% Milk,Dairy,5.6,,True,UNITED STATES,synthetic
SYN_WALMART,milk,200000304,800000000304,Great Value,Organic Whole Milk,Dairy,3.45,,True,UNITED STATES,synthetic
SYN_WALMART,milk,200000305,800000000305,Great Value,Whole Milk,Dairy,5.67,,True,UNITED STATES,synthetic
SYN_WALMART,milk,200000306,800000000306,Great Value,Lactose Free Milk,Dairy,3.41,2.21,True,UNITED STATES,synthetic
SYN_WALMART,milk,200000307,800000000307,Great Value,Soy Milk,Dairy,5.28,,True,UNITED STATES,synthetic
SYN_WALMART,milk,200000308,800000000308,Great Value,Organic Whole Milk,Dairy,5.01,,True,UNITED STATES,synthetic
SYN_WALMART,milk,200000309,800000000309,Great Value,Soy Milk,Dairy,4.72,3.72,True,UNITED STATES,synthetic
SYN_WALMART,milk,200000310,800000000310,Great Value,Soy Milk,Dairy,3.48,,True,UNITED STATES,synthetic
SYN_WALMART,milk,200000311,800000000311,Great Value,2% Milk,Dairy,5.52,,True,UNITED STATES,synthetic
SYN_WALMART,milk,200000312,800000000312,Great Value,Organic Whole Milk,Dairy,5.05,,True,UNITED STATES,synthetic
SYN_WALMART,milk,200000313,800000000313,Great Value,Chocolate Milk,Dairy,5.35,4.94,True,UNITED STATES,synthetic
SYN_WALMART,milk,200000314,800000000314,Great Value,Organic Whole Milk,Dairy,5.69,,True,UNITED STATES,synthetic
SYN_WALMART,milk,200000315,800000000315,Great Value,Lactose Free Milk,Dairy,5.05,,True,UNITED STATES,synthetic
SYN_WALMART,milk,200000316,800000000316,Great Value,Almond Milk,Dairy,4.95,,True,UNITED STATES,synthetic
SYN_WALMART,milk,200000317,800000000317,Great Value,Whole Milk,Dairy,4.4,,True,UNITED STATES,synthetic
SYN_WALMART,milk,200000318,800000000318,Great Value,Organic Whole Milk,Dairy,5.13,,True,UNITED STATES,synthetic
SYN_WALMART,milk,200000319,800000000319,Great Value,Oat Milk,Dairy,5.03,4.43,True,UNITED STATES,synthetic
SYN_WALMART,milk,200000320,800000000320,Great Value,Soy Milk,Dairy,4.48,3.64,True,UNITED STATES,synthetic
SYN_WALMART,milk,200000321,800000000321,Great Value,Oat Milk,Dairy,5.39,4.86,True,UNITED STATES,synthetic
SYN_WALMART,milk,200000322,800000000322,Great Value,Chocolate Milk,Dairy,2.95,,True,UNITED STATES,synthetic
SYN_WALMART,milk,200000323,800000000323,Great Value,Soy Milk,Dairy,2.96,,True,UNITED STATES,synthetic
SYN_WALMART,milk,200000324,800000000324,Great Value,Almond Milk,Dairy,5.48,,True,UNITED STATES,synthetic
SYN_WALMART,milk,200000325,800000000325,Great Value,Lactose Free Milk,Dairy,3.68,,True,UNITED STATES,synthetic
SYN_WALMART,milk,200000326,800000000326,Great Value,Organic Whole Milk,Dairy,4.82,,True,UNITED STATES,synthetic
SYN_WALMART,milk,200000327,800000000327,Great Value,Skim Milk,Dairy,4.51,,True,UNITED STATES,synthetic
SYN_WALMART,milk,200000328,800000000328,Great Value,1% Milk,Dairy,5.76,4.57,True,UNITED STATES,synthetic
SYN_WALMART,milk,200000329,800000000329,Great Value,Skim Milk,Dairy,3.21,,True,UNITED STATES,synthetic
SYN_WALMART,milk,200000330,800000000330,Great Value,Organic Whole Milk,Dairy,4.14,2.96,True,UNITED STATES,synthetic
SYN_WALMART,eggs,200000331,800000000331,Great Value,Large Brown Eggs,Dairy,5.68,5.29,True,UNITED STATES,synthetic
SYN_WALMART,eggs,200000332,800000000332,Great Value,Cage Free Eggs,Dairy,4.11,,True,UNITED STATES,synthetic
SYN_WALMART,eggs,200000333,800000000333,Great Value,Extra Large Eggs,Dairy,4.52,,True,UNITED STATES,synthetic
SYN_WALMART,eggs,200000334,800000000334,Great Value,Cage Free Eggs,Dairy,7.02,6.52,True,UNITED STATES,synthetic
SYN_WALMART,eggs,200000335,800000000335,Great Value,Eggs (Dozen),Dairy,5.54,,True,UNITED STATES,synthetic
SYN_WALMART,eggs,200000336,800000000336,Great Value,Organic Eggs,Dairy,7.03,,True,UNITED STATES,synthetic
SYN_WALMART,eggs,200000337,800000000337,Great Value,Eggs (Dozen),Dairy,6.11,5.57,True,UNITED STATES,synthetic
SYN_WALMART,eggs,200000338,800000000338,Great Value,18 Count Eggs,Dairy,4.37,,True,UNITED STATES,synthetic
SYN_WALMART,eggs,200000339,800000000339,Great Value,Organic Eggs,Dairy,5.67,,True,UNITED STATES,synthetic
SYN_WALMART,eggs,200000340,800000000340,Great Value,18 Count Eggs,Dairy,4.6,3.53,True,UNITED STATES,synthetic
SYN_WALMART,eggs,200000341,800000000341,Great Value,Cage Free Eggs,Dairy,4.58,3.36,True,UNITED STATES,synthetic
SYN_WALMART,eggs,200000342,800000000342,Great Value,18 Count Eggs,Dairy,7.03,,True,UNITED STATES,synthetic
SYN_WALMART,eggs,200000343,800000000343,Great Value,Organic Eggs,Dairy,3.95,,True,UNITED STATES,synthetic
SYN_WALMART,eggs,200000344,800000000344,Great Value,Large Brown Eggs,Dairy,3.34,,True,UNITED STATES,synthetic
SYN_WALMART,eggs,200000345,800000000345,Great Value,18 Count Eggs,Dairy,3.93,3.31,True,UNITED STATES,synthetic
SYN_WALMART,eggs,200000346,800000000346,Great Value,Cage Free Eggs,Dairy,5.95,,True,UNITED STATES,synthetic
SYN_WALMART,eggs,200000347,800000000347,Great Value,Cage Free Eggs,Dairy,4.49,,True,UNITED STATES,synthetic
SYN_WALMART,eggs,200000348,800000000348,Great Value,Extra Large Eggs,Dairy,5.59,,True,UNITED STATES,synthetic
SYN_WALMART,eggs,200000349,800000000349,Great Value,Large Brown Eggs,Dairy,3.71,3.43,True,UNITED STATES,synthetic
SYN_WALMART,eggs,200000350,800000000350,Great Value,18 Count Eggs,Dairy,6.2,,True,UNITED STATES,synthetic
SYN_WALMART,eggs,200000351,800000000351,Great Value,Organic Eggs,Dairy,4.08,3.49,True,UNITED STATES,synthetic
SYN_WALMART,eggs,200000352,800000000352,Great Value,Organic Eggs,Dairy,4.04,,True,UNITED STATES,synthetic
SYN_WALMART,eggs,200000353,800000000353,Great Value,Extra Large Eggs,Dairy,3.19,,True,UNITED STATES,synthetic
SYN_WALMART,eggs,200000354,800000000354,Great Value,Cage Free Eggs,Dairy,4.8,,True,UNITED STATES,synthetic
SYN_WALMART,eggs,200000355,800000000355,Great Value,Eggs (Dozen),Dairy,5.66,,True,UNITED STATES,synthetic
SYN_WALMART,eggs,200000356,800000000356,Great Value,Organic Eggs,Dairy,6.76,,True,UNITED STATES,synthetic
SYN_WALMART,eggs,200000357,800000000357,Great Value,Organic Eggs,Dairy,6.31,6.0,True,UNITED STATES,synthetic
SYN_WALMART,eggs,200000358,800000000358,Great Value,Organic Eggs,Dairy,4.0,,True,UNITED STATES,synthetic
SYN_WALMART,eggs,200000359,800000000359,Great Value,Eggs (Dozen),Dairy,5.23,4.15,True,UNITED STATES,synthetic
SYN_WALMART,eggs,200000360,800000000360,Great Value,18 Count Eggs,Dairy,4.06,,True,UNITED STATES,synthetic
SYN_WALMART,bread,200000361,800000000361,Great Value,Sourdough Bread,Bakery,4.53,,True,UNITED STATES,synthetic
SYN_WALMART,bread,200000362,800000000362,Great Value,White Bread,Bakery,2.88,,True,UNITED STATES,synthetic
SYN_WALMART,bread,200000363,800000000363,Great Value,Bagels,Bakery,4.26,,True,UNITED STATES,synthetic
SYN_WALMART,bread,200000364,800000000364,Great Value,Texas Toast,Bakery,2.06,,True,UNITED STATES,synthetic
SYN_WALMART,bread,200000365,800000000365,Great Value,Hamburger Buns,Bakery,4.73,4.22,True,UNITED STATES,synthetic
SYN_WALMART,bread,200000366,800000000366,Great Value,Multigrain Bread,Bakery,2.26,,True,UNITED STATES,synthetic
SYN_WALMART,bread,200000367,800000000367,Great Value,Wheat Bread,Bakery,3.17,,True,UNITED STATES,synthetic
SYN_WALMART,bread,200000368,800000000368,Great Value,Hamburger Buns,Bakery,4.73,4.38,True,UNITED STATES,synthetic
SYN_WALMART,bread,200000369,800000000369,Great Value,White Bread,Bakery,2.52,,True,UNITED STATES,synthetic
SYN_WALMART,bread,200000370,800000000370,Great Value,Bagels,Bakery,2.35,,True,UNITED STATES,synthetic
SYN_WALMART,bread,200000371,800000000371,Great Value,Hamburger Buns,Bakery,3.91,,True,UNITED STATES,synthetic
SYN_WALMART,bread,200000372,800000000372,Great Value,Hamburger Buns,Bakery,2.59,,True,UNITED STATES,synthetic
SYN_WALMART,bread,200000373,800000000373,Great Value,Sourdough Bread,Bakery,3.22,,True,UNITED STATES,synthetic
SYN_WALMART,bread,200000374,800000000374,Great Value,Italian Bread,Bakery,2.02,1.75,True,UNITED STATES,synthetic
SYN_WALMART,bread,200000375,800000000375,Great Value,Hamburger Buns,Bakery,4.77,,True,UNITED STATES,synthetic
SYN_WALMART,bread,200000376,800000000376,Great Value,Sourdough Bread,Bakery,4.47,,True,UNITED STATES,synthetic
SYN_WALMART,bread,200000377,800000000377,Great Value,Texas Toast,Bakery,4.93,,True,UNITED STATES,synthetic
SYN_WALMART,bread,200000378,800000000378,Great Value,Multigrain Bread,Bakery,4.92,,True,UNITED STATES,synthetic
SYN_WALMART,bread,200000379,800000000379,Great Value,Italian Bread,Bakery,2.41,,True,UNITED STATES,synthetic
SYN_WALMART,bread,200000380,800000000380,Great Value,Wheat Bread,Bakery,4.8,,True,UNITED STATES,synthetic
SYN_WALMART,bread,200000381,800000000381,Great Value,Multigrain Bread,Bakery,4.12,3.81,True,UNITED STATES,synthetic
SYN_WALMART,bread,200000382,800000000382,Great Value,Bagels,Bakery,3.42,2.67,True,UNITED STATES,synthetic
SYN_WALMART,bread,200000383,800000000383,Great Value,Sourdough Bread,Bakery,4.27,3.27,True,UNITED STATES,synthetic
SYN_WALMART,bread,200000384,800000000384,Great Value,Sourdough Bread,Bakery,4.48,3.64,True,UNITED STATES,synthetic
SYN_WALMART,bread,200000385,800000000385,Great Value,Sourdough Bread,Bakery,4.6,,True,UNITED STATES,synthetic
SYN_WALMART,bread,200000386,800000000386,Great Value,Wheat Bread,Bakery,2.09,,True,UNITED STATES,synthetic
SYN_WALMART,bread,200000387,800000000387,Great Value,Sourdough Bread,Bakery,4.59,4.17,True,UNITED STATES,synthetic
SYN_WALMART,bread,200000388,800000000388,Great Value,Multigrain Bread,Bakery,2.36,,True,UNITED STATES,synthetic
SYN_WALMART,bread,200000389,800000000389,Great Value,Texas Toast,Bakery,4.08,,True,UNITED STATES,synthetic
SYN_WALMART,bread,200000390,800000000390,Great Value,Italian Bread,Bakery,3.56,,True,UNITED STATES,synthetic
SYN_WALMART,apples,200000391,800000000391,Freshness Guaranteed,Pink Lady Apples,Produce,1.49,,True,UNITED STATES,synthetic
SYN_WALMART,apples,200000392,800000000392,Freshness Guaranteed,Red Delicious Apples,Produce,2.2,,True,UNITED STATES,synthetic
SYN_WALMART,apples,200000393,800000000393,Freshness Guaranteed,Granny Smith Apples,Produce,3.77,,True,UNITED STATES,synthetic
SYN_WALMART,apples,200000394,800000000394,Freshness Guaranteed,Pink Lady Apples,Produce,1.39,,True,UNITED STATES,synthetic
SYN_WALMART,apples,200000395,800000000395,Freshness Guaranteed,Fuji Apples,Produce,3.81,2.63,True,UNITED STATES,synthetic
SYN_WALMART,apples,200000396,800000000396,Freshness Guaranteed,Honeycrisp Apples,Produce,2.47,,True,UNITED STATES,synthetic
SYN_WALMART,apples,200000397,800000000397,Freshness Guaranteed,Red Delicious Apples,Produce,2.06,,True,UNITED STATES,synthetic
SYN_WALMART,apples,200000398,800000000398,Freshness Guaranteed,Fuji Apples,Produce,2.93,,True,UNITED STATES,synthetic
SYN_WALMART,apples,200000399,800000000399,Freshness Guaranteed,Granny Smith Apples,Produce,3.56,,True,UNITED STATES,synthetic
SYN_WALMART,apples,200000400,800000000400,Freshness Guaranteed,Pink Lady Apples,Produce,2.62,1.99,True,UNITED STATES,synthetic
SYN_WALMART,apples,200000401,800000000401,Freshness Guaranteed,Pink Lady Apples,Produce,2.83,,True,UNITED STATES,synthetic
SYN_WALMART,apples,200000402,800000000402,Freshness Guaranteed,Granny Smith Apples,Produce,1.63,,True,UNITED STATES,synthetic
SYN_WALMART,apples,200000403,800000000403,Freshness Guaranteed,Granny Smith Apples,Produce,2.04,,True,UNITED STATES,synthetic
SYN_WALMART,apples,200000404,800000000404,Freshness Guaranteed,Pink Lady Apples,Produce,3.34,3.04,True,UNITED STATES,synthetic
SYN_WALMART,apples,200000405,800000000405,Freshness Guaranteed,Granny Smith Apples,Produce,2.09,,True,UNITED STATES,synthetic
SYN_WALMART,apples,200000406,800000000406,Freshness Guaranteed,Gala Apples,Produce,3.69,,True,UNITED STATES,synthetic
SYN_WALMART,apples,200000407,800000000407,Freshness Guaranteed,Red Delicious Apples,Produce,3.35,,True,UNITED STATES,synthetic
SYN_WALMART,apples,200000408,800000000408,Freshness Guaranteed,Honeycrisp Apples,Produce,2.54,1.54,True,UNITED STATES,synthetic
SYN_WALMART,apples,200000409,800000000409,Freshness Guaranteed,Gala Apples,Produce,3.29,,True,UNITED STATES,synthetic
SYN_WALMART,apples,200000410,800000000410,Freshness Guaranteed,Red Delicious Apples,Produce,3.61,3.13,True,UNITED STATES,synthetic
SYN_WALMART,apples,200000411,800000000411,Freshness Guaranteed,Gala Apples,Produce,2.05,1.31,True,UNITED STATES,synthetic
SYN_WALMART,apples,200000412,800000000412,Freshness Guaranteed,Fuji Apples,Produce,2.2,,True,UNITED STATES,synthetic
SYN_WALMART,apples,200000413,800000000413,Freshness Guaranteed,Granny Smith Apples,Produce,2.39,,True,UNITED STATES,synthetic
SYN_WALMART,apples,200000414,800000000414,Freshness Guaranteed,Gala Apples,Produce,1.79,0.58,True,UNITED STATES,synthetic
SYN_WALMART,apples,200000415,800000000415,Freshness Guaranteed,Honeycrisp Apples,Produce,1.56,,True,UNITED STATES,synthetic
SYN_WALMART,apples,200000416,800000000416,Freshness Guaranteed,Fuji Apples,Produce,2.94,,True,UNITED STATES,synthetic
SYN_WALMART,apples,200000417,800000000417,Freshness Guaranteed,Honeycrisp Apples,Produce,3.25,2.81,True,UNITED STATES,synthetic
SYN_WALMART,apples,200000418,800000000418,Freshness Guaranteed,Granny Smith Apples,Produce,3.67,,True,UNITED STATES,synthetic
SYN_WALMART,apples,200000419,800000000419,Freshness Guaranteed,Pink Lady Apples,Produce,3.92,,True,UNITED STATES,synthetic
SYN_WALMART,apples,200000420,800000000420,Freshness Guaranteed,Pink Lady Apples,Produce,3.72,3.39,True,UNITED STATES,synthetic
SYN_WALMART,bananas,200000421,800000000421,Freshness Guaranteed,Bananas,Produce,1.14,,True,ECUADOR,synthetic
SYN_WALMART,bananas,200000422,800000000422,Freshness Guaranteed,Mini Bananas,Produce,0.6,,True,ECUADOR,synthetic
SYN_WALMART,bananas,200000423,800000000423,Freshness Guaranteed,Mini Bananas,Produce,0.58,,True,ECUADOR,synthetic
SYN_WALMART,bananas,200000424,800000000424,Freshness Guaranteed,Mini Bananas,Produce,0.54,,True,ECUADOR,synthetic
SYN_WALMART,bananas,200000425,800000000425,Freshness Guaranteed,Bananas,Produce,0.9,0.51,True,ECUADOR,synthetic
SYN_WALMART,bananas,200000426,800000000426,Freshness Guaranteed,Banana Bunch,Produce,1.53,0.31,True,ECUADOR,synthetic
SYN_WALMART,bananas,200000427,800000000427,Freshness Guaranteed,Mini Bananas,Produce,1.21,,True,ECUADOR,synthetic
SYN_WALMART,bananas,200000428,800000000428,Freshness Guaranteed,Banana Bunch,Produce,0.83,0.23,True,ECUADOR,synthetic
SYN_WALMART,bananas,200000429,800000000429,Freshness Guaranteed,Bananas,Produce,0.71,,True,ECUADOR,synthetic
SYN_WALMART,bananas,200000430,800000000430,Freshness Guaranteed,Mini Bananas,Produce,1.35,,True,ECUADOR,synthetic
SYN_WALMART,bananas,200000431,800000000431,Freshness Guaranteed,Organic Bananas,Produce,1.38,,True,ECUADOR,synthetic
SYN_WALMART,bananas,200000432,800000000432,Freshness Guaranteed,Banana Bunch,Produce,1.68,,True,ECUADOR,synthetic
SYN_WALMART,bananas,200000433,800000000433,Freshness Guaranteed,Mini Bananas,Produce,1.51,,True,ECUADOR,synthetic
SYN_WALMART,bananas,200000434,800000000434,Freshness Guaranteed,Bananas,Produce,1.46,0.79,True,ECUADOR,synthetic
SYN_WALMART,bananas,200000435,800000000435,Freshness Guaranteed,Mini Bananas,Produce,0.83,,True,ECUADOR,synthetic
SYN_WALMART,bananas,200000436,800000000436,Freshness Guaranteed,Mini Bananas,Produce,1.25,,True,ECUADOR,synthetic
SYN_WALMART,bananas,200000437,800000000437,Freshness Guaranteed,Organic Bananas,Produce,0.56,,True,ECUADOR,synthetic
SYN_WALMART,bananas,200000438,800000000438,Freshness Guaranteed,Bananas,Produce,1.34,,True,ECUADOR,synthetic
SYN_WALMART,bananas,200000439,800000000439,Freshness Guaranteed,Mini Bananas,Produce,1.46,,True,ECUADOR,synthetic
SYN_WALMART,bananas,200000440,800000000440,Freshness Guaranteed,Organic Bananas,Produce,0.77,0.17,True,ECUADOR,synthetic
SYN_WALMART,bananas,200000441,800000000441,Freshness Guaranteed,Organic Bananas,Produce,1.68,0.95,True,ECUADOR,synthetic
SYN_WALMART,bananas,200000442,800000000442,Freshness Guaranteed,Banana Bunch,Produce,1.05,0.15,True,ECUADOR,synthetic
SYN_WALMART,bananas,200000443,800000000443,Freshness Guaranteed,Bananas,Produce,1.45,,True,ECUADOR,synthetic
SYN_WALMART,bananas,200000444,800000000444,Freshness Guaranteed,Mini Bananas,Produce,1.36,,True,ECUADOR,synthetic
SYN_WALMART,bananas,200000445,800000000445,Freshness Guaranteed,Mini Bananas,Produce,1.12,0.87,True,ECUADOR,synthetic
SYN_WALMART,bananas,200000446,800000000446,Freshness Guaranteed,Mini Bananas,Produce,1.19,,True,ECUADOR,synthetic
SYN_WALMART,bananas,200000447,800000000447,Freshness Guaranteed,Organic Bananas,Produce,0.71,,True,ECUADOR,synthetic
SYN_WALMART,bananas,200000448,800000000448,Freshness Guaranteed,Banana Bunch,Produce,1.39,,True,ECUADOR,synthetic
SYN_WALMART,bananas,200000449,800000000449,Freshness Guaranteed,Mini Bananas,Produce,1.38,,True,ECUADOR,synthetic
SYN_WALMART,bananas,200000450,800000000450,Freshness Guaranteed,Bananas,Produce,1.59,,True,ECUADOR,synthetic
SYN_WALMART,rice,200000451,800000000451,Great Value,Jasmine Rice,Pantry,4.0,,True,UNITED STATES,synthetic
SYN_WALMART,rice,200000452,800000000452,Great Value,White Rice,Pantry,4.13,,True,UNITED STATES,synthetic
SYN_WALMART,rice,200000453,800000000453,Great Value,White Rice,Pantry,2.3,,True,UNITED STATES,synthetic
SYN_WALMART,rice,200000454,800000000454,Great Value,Jasmine Rice,Pantry,5.23,,True,UNITED STATES,synthetic
SYN_WALMART,rice,200000455,800000000455,Great Value,Brown Rice,Pantry,4.38,3.27,True,UNITED STATES,synthetic
SYN_WALMART,rice,200000456,800000000456,Great Value,Long Grain Rice,Pantry,4.63,3.64,True,UNITED STATES,synthetic
SYN_WALMART,rice,200000457,800000000457,Great Value,Basmati Rice,Pantry,5.89,,True,UNITED STATES,synthetic
SYN_WALMART,rice,200000458,800000000458,Great Value,Instant Rice,Pantry,6.29,5.23,True,UNITED STATES,synthetic
SYN_WALMART,rice,200000459,800000000459,Great Value,Long Grain Rice,Pantry,5.55,,True,UNITED STATES,synthetic
SYN_WALMART,rice,200000460,800000000460,Great Value,Instant Rice,Pantry,2.74,1.66,True,UNITED STATES,synthetic
SYN_WALMART,rice,200000461,800000000461,Great Value,White Rice,Pantry,5.72,,True,UNITED STATES,synthetic
SYN_WALMART,rice,200000462,800000000462,Great Value,Jasmine Rice,Pantry,6.23,,True,UNITED STATES,synthetic
SYN_WALMART,rice,200000463,800000000463,Great Value,Instant Rice,Pantry,3.37,,True,UNITED STATES,synthetic
SYN_WALMART,rice,200000464,800000000464,Great Value,White Rice,Pantry,3.82,3.47,True,UNITED STATES,synthetic
SYN_WALMART,rice,200000465,800000000465,Great Value,Long Grain Rice,Pantry,1.95,1.53,True,UNITED STATES,synthetic
SYN_WALMART,rice,200000466,800000000466,Great Value,Basmati Rice,Pantry,3.79,3.28,True,UNITED STATES,synthetic
SYN_WALMART,rice,200000467,800000000467,Great Value,Brown Rice,Pantry,2.09,1.38,True,UNITED STATES,synthetic
SYN_WALMART,rice,200000468,800000000468,Great Value,White Rice,Pantry,5.0,,True,UNITED STATES,synthetic
SYN_WALMART,rice,200000469,800000000469,Great Value,Jasmine Rice,Pantry,5.57,4.94,True,UNITED STATES,synthetic
SYN_WALMART,rice,200000470,800000000470,Great Value,Jasmine Rice,Pantry,2.92,,True,UNITED STATES,synthetic
SYN_WALMART,rice,200000471,800000000471,Great Value,Jasmine Rice,Pantry,5.0,,True,UNITED STATES,synthetic
SYN_WALMART,rice,200000472,800000000472,Great Value,Long Grain Rice,Pantry,5.16,,True,UNITED STATES,synthetic
SYN_WALMART,rice,200000473,800000000473,Great Value,White Rice,Pantry,5.49,,True,UNITED STATES,synthetic
SYN_WALMART,rice,200000474,800000000474,Great Value,Long Grain Rice,Pantry,5.54,,True,UNITED STATES,synthetic
SYN_WALMART,rice,200000475,800000000475,Great Value,Jasmine Rice,Pantry,5.77,4.75,True,UNITED STATES,synthetic
SYN_WALMART,rice,200000476,800000000476,Great Value,Brown Rice,Pantry,5.39,4.68,True,UNITED STATES,synthetic
SYN_WALMART,rice,200000477,800000000477,Great Value,Basmati Rice,Pantry,4.3,3.71,True,UNITED STATES,synthetic
SYN_WALMART,rice,200000478,800000000478,Great Value,Basmati Rice,Pantry,3.43,,True,UNITED STATES,synthetic
SYN_WALMART,rice,200000479,800000000479,Great Value,Brown Rice,Pantry,4.93,,True,UNITED STATES,synthetic
SYN_WALMART,rice,200000480,800000000480,Great Value,Instant Rice,Pantry,3.86,,True,UNITED STATES,synthetic
SYN_WALMART,pasta,200000481,800000000481,Great Value,Fettuccine,Pantry,2.69,1.75,True,UNITED STATES,synthetic
SYN_WALMART,pasta,200000482,800000000482,Great Value,Fettuccine,Pantry,3.42,,True,UNITED STATES,synthetic
SYN_WALMART,pasta,200000483,800000000483,Great Value,Elbow Macaroni,Pantry,1.39,,True,UNITED STATES,synthetic
SYN_WALMART,pasta,200000484,800000000484,Great Value,Penne,Pantry,3.54,3.03,True,UNITED STATES,synthetic
SYN_WALMART,pasta,200000485,800000000485,Great Value,Elbow Macaroni,Pantry,1.52,,True,UNITED STATES,synthetic
SYN_WALMART,pasta,200000486,800000000486,Great Value,Elbow Macaroni,Pantry,1.52,,True,UNITED STATES,synthetic
SYN_WALMART,pasta,200000487,800000000487,Great Value,Penne,Pantry,4.04,,True,UNITED STATES,synthetic
SYN_WALMART,pasta,200000488,800000000488,Great Value,Penne,Pantry,1.21,0.53,True,UNITED STATES,synthetic
SYN_WALMART,pasta,200000489,800000000489,Great Value,Angel Hair Pasta,Pantry,2.13,,True,UNITED STATES,synthetic
SYN_WALMART,pasta,200000490,800000000490,Great Value,Penne,Pantry,1.77,,True,UNITED STATES,synthetic
SYN_WALMART,pasta,200000491,800000000491,Great Value,Penne,Pantry,1.73,,True,UNITED STATES,synthetic
SYN_WALMART,pasta,200000492,800000000492,Great Value,Angel Hair Pasta,Pantry,2.93,,True,UNITED STATES,synthetic
SYN_WALMART,pasta,200000493,800000000493,Great Value,Rotini,Pantry,1.18,0.03,True,UNITED STATES,synthetic
SYN_WALMART,pasta,200000494,800000000494,Great Value,Spaghetti,Pantry,3.44,,True,UNITED STATES,synthetic
SYN_WALMART,pasta,200000495,800000000495,Great Value,Fettuccine,Pantry,2.51,1.4,True,UNITED STATES,synthetic
SYN_WALMART,pasta,200000496,800000000496,Great Value,Angel Hair Pasta,Pantry,2.94,,True,UNITED STATES,synthetic
SYN_WALMART,pasta,200000497,800000000497,Great Value,Elbow Macaroni,Pantry,3.78,3.05,True,UNITED STATES,synthetic
SYN_WALMART,pasta,200000498,800000000498,Great Value,Rotini,Pantry,1.17,,True,UNITED STATES,synthetic
SYN_WALMART,pasta,200000499,800000000499,Great Value,Penne,Pantry,3.56,,True,UNITED STATES,synthetic
SYN_WALMART,pasta,200000500,800000000500,Great Value,Rotini,Pantry,3.3,,True,UNITED STATES,synthetic
SYN_WALMART,pasta,200000501,800000000501,Great Value,Rotini,Pantry,1.23,,True,UNITED STATES,synthetic
SYN_WALMART,pasta,200000502,800000000502,Great Value,Spaghetti,Pantry,2.2,,True,UNITED STATES,synthetic
SYN_WALMART,pasta,200000503,800000000503,Great Value,Rotini,Pantry,3.87,,True,UNITED STATES,synthetic
SYN_WALMART,pasta,200000504,800000000504,Great Value,Angel Hair Pasta,Pantry,3.15,,True,UNITED STATES,synthetic
SYN_WALMART,pasta,200000505,800000000505,Great Value,Elbow Macaroni,Pantry,3.98,,True,UNITED STATES,synthetic
SYN_WALMART,pasta,200000506,800000000506,Great Value,Spaghetti,Pantry,1.95,,True,UNITED STATES,synthetic
SYN_WALMART,pasta,200000507,800000000507,Great Value,Angel Hair Pasta,Pantry,3.33,,True,UNITED STATES,synthetic
SYN_WALMART,pasta,200000508,800000000508,Great Value,Fettuccine,Pantry,3.08,,True,UNITED STATES,synthetic
SYN_WALMART,pasta,200000509,800000000509,Great Value,Penne,Pantry,3.12,,True,UNITED STATES,synthetic
SYN_WALMART,pasta,200000510,800000000510,Great Value,Penne,Pantry,1.8,,True,UNITED STATES,synthetic
SYN_WALMART,chicken,200000511,800000000511,Marketside,Whole Chicken,Meat,8.64,,True,UNITED STATES,synthetic
SYN_WALMART,chicken,200000512,800000000512,Marketside,Chicken Thighs,Meat,4.25,,True,UNITED STATES,synthetic
SYN_WALMART,chicken,200000513,800000000513,Marketside,Chicken Thighs,Meat,8.38,8.0,True,UNITED STATES,synthetic
SYN_WALMART,chicken,200000514,800000000514,Marketside,Chicken Tenders,Meat,7.29,6.98,True,UNITED STATES,synthetic
SYN_WALMART,chicken,200000515,800000000515,Marketside,Chicken Tenders,Meat,7.31,6.36,True,UNITED STATES,synthetic
SYN_WALMART,chicken,200000516,800000000516,Marketside,Chicken Breast,Meat,6.09,4.86,True,UNITED STATES,synthetic
SYN_WALMART,chicken,200000517,800000000517,Marketside,Chicken Thighs,Meat,7.94,,True,UNITED STATES,synthetic
SYN_WALMART,chicken,200000518,800000000518,Marketside,Chicken Tenders,Meat,6.5,,True,UNITED STATES,synthetic
SYN_WALMART,chicken,200000519,800000000519,Marketside,Chicken Breast,Meat,6.46,5.84,True,UNITED STATES,synthetic
SYN_WALMART,chicken,200000520,800000000520,Marketside,Chicken Breast,Meat,9.24,,True,UNITED STATES,synthetic
SYN_WALMART,chicken,200000521,800000000521,Marketside,Chicken Tenders,Meat,7.01,,True,UNITED STATES,synthetic
SYN_WALMART,chicken,200000522,800000000522,Marketside,Chicken Breast,Meat,7.18,6.48,True,UNITED STATES,synthetic
SYN_WALMART,chicken,200000523,800000000523,Marketside,Chicken Tenders,Meat,6.58,,True,UNITED STATES,synthetic
SYN_WALMART,chicken,200000524,800000000524,Marketside,Chicken Breast,Meat,6.96,,True,UNITED STATES,synthetic
SYN_WALMART,chicken,200000525,800000000525,Marketside,Chicken Thighs,Meat,5.72,,True,UNITED STATES,synthetic
SYN_WALMART,chicken,200000526,800000000526,Marketside,Whole Chicken,Meat,6.96,,True,UNITED STATES,synthetic
SYN_WALMART,chicken,200000527,800000000527,Marketside,Whole Chicken,Meat,8.73,,True,UNITED STATES,synthetic
SYN_WALMART,chicken,200000528,800000000528,Marketside,Chicken Thighs,Meat,8.25,,True,UNITED STATES,synthetic
SYN_WALMART,chicken,200000529,800000000529,Marketside,Ground Chicken,Meat,5.55,,True,UNITED STATES,synthetic
SYN_WALMART,chicken,200000530,800000000530,Marketside,Chicken Tenders,Meat,9.25,8.48,True,UNITED STATES,synthetic
SYN_WALMART,chicken,200000531,800000000531,Marketside,Chicken Thighs,Meat,5.29,,True,UNITED STATES,synthetic
SYN_WALMART,chicken,200000532,800000000532,Marketside,Ground Chicken,Meat,8.51,,True,UNITED STATES,synthetic
SYN_WALMART,chicken,200000533,800000000533,Marketside,Ground Chicken,Meat,8.9,,True,UNITED STATES,synthetic
SYN_WALMART,chicken,200000534,800000000534,Marketside,Chicken Wings,Meat,5.47,,True,UNITED STATES,synthetic
SYN_WALMART,chicken,200000535,800000000535,Marketside,Chicken Thighs,Meat,5.24,,True,UNITED STATES,synthetic
SYN_WALMART,chicken,200000536,800000000536,Marketside,Chicken Wings,Meat,6.36,,True,UNITED STATES,synthetic
SYN_WALMART,chicken,200000537,800000000537,Marketside,Whole Chicken,Meat,4.62,,True,UNITED STATES,synthetic
SYN_WALMART,chicken,200000538,800000000538,Marketside,Chicken Breast,Meat,8.83,8.33,True,UNITED STATES,synthetic
SYN_WALMART,chicken,200000539,800000000539,Marketside,Chicken Tenders,Meat,6.0,5.34,True,UNITED STATES,synthetic
SYN_WALMART,chicken,200000540,800000000540,Marketside,Chicken Wings,Meat,8.08,,True,UNITED STATES,synthetic
SYN_WALMART,cheese,200000541,800000000541,Great Value,Pepper Jack Cheese,Dairy,4.26,3.85,True,UNITED STATES,synthetic
SYN_WALMART,cheese,200000542,800000000542,Great Value,Swiss Cheese,Dairy,3.35,,True,UNITED STATES,synthetic
SYN_WALMART,cheese,200000543,800000000543,Great Value,Mozzarella Cheese,Dairy,3.01,,True,UNITED STATES,synthetic
SYN_WALMART,cheese,200000544,800000000544,Great Value,Cheddar Cheese,Dairy,4.05,,True,UNITED STATES,synthetic
SYN_WALMART,cheese,200000545,800000000545,Great Value,American Cheese Slices,Dairy,2.26,,True,UNITED STATES,synthetic
SYN_WALMART,cheese,200000546,800000000546,Great Value,Swiss Cheese,Dairy,4.26,,True,UNITED STATES,synthetic
SYN_WALMART,cheese,200000547,800000000547,Great Value,Swiss Cheese,Dairy,5.04,,True,UNITED STATES,synthetic
SYN_WALMART,cheese,200000548,800000000548,Great Value,Cheddar Cheese,Dairy,3.51,,True,UNITED STATES,synthetic
SYN_WALMART,cheese,200000549,800000000549,Great Value,Shredded Cheese,Dairy,3.08,,True,UNITED STATES,synthetic
SYN_WALMART,cheese,200000550,800000000550,Great Value,Mozzarella Cheese,Dairy,5.05,,True,UNITED STATES,synthetic
SYN_WALMART,cheese,200000551,800000000551,Great Value,Shredded Cheese,Dairy,4.62,,True,UNITED STATES,synthetic
SYN_WALMART,cheese,200000552,800000000552,Great Value,American Cheese Slices,Dairy,4.46,3.22,True,UNITED STATES,synthetic
SYN_WALMART,cheese,200000553,800000000553,Great Value,Mozzarella Cheese,Dairy,3.28,,True,UNITED STATES,synthetic
SYN_WALMART,cheese,200000554,800000000554,Great Value,American Cheese Slices,Dairy,2.9,,True,UNITED STATES,synthetic
SYN_WALMART,cheese,200000555,800000000555,Great Value,American Cheese Slices,Dairy,4.74,,True,UNITED STATES,synthetic
SYN_WALMART,cheese,200000556,800000000556,Great Value,Pepper Jack Cheese,Dairy,5.01,,True,UNITED STATES,synthetic
SYN_WALMART,cheese,200000557,800000000557,Great Value,American Cheese Slices,Dairy,2.37,,True,UNITED STATES,synthetic
SYN_WALMART,cheese,200000558,800000000558,Great Value,Shredded Cheese,Dairy,4.42,,True,UNITED STATES,synthetic
SYN_WALMART,cheese,200000559,800000000559,Great Value,Swiss Cheese,Dairy,4.04,,True,UNITED STATES,synthetic
SYN_WALMART,cheese,200000560,800000000560,Great Value,Swiss Cheese,Dairy,3.51,,True,UNITED STATES,synthetic
SYN_WALMART,cheese,200000561,800000000561,Great Value,Pepper Jack Cheese,Dairy,2.76,2.4,True,UNITED STATES,synthetic
SYN_WALMART,cheese,200000562,800000000562,Great Value,American Cheese Slices,Dairy,2.5,,True,UNITED STATES,synthetic
SYN_WALMART,cheese,200000563,800000000563,Great Value,Mozzarella Cheese,Dairy,5.29,,True,UNITED STATES,synthetic
SYN_WALMART,cheese,200000564,800000000564,Great Value,American Cheese Slices,Dairy,4.09,3.49,True,UNITED STATES,synthetic
SYN_WALMART,cheese,200000565,800000000565,Great Value,Cheddar Cheese,Dairy,3.93,,True,UNITED STATES,synthetic
SYN_WALMART,cheese,200000566,800000000566,Great Value,Swiss Cheese,Dairy,4.41,3.55,True,UNITED STATES,synthetic
SYN_WALMART,cheese,200000567,800000000567,Great Value,Pepper Jack Cheese,Dairy,2.4,,True,UNITED STATES,synthetic
SYN_WALMART,cheese,200000568,800000000568,Great Value,Swiss Cheese,Dairy,2.29,,True,UNITED STATES,synthetic
SYN_WALMART,cheese,200000569,800000000569,Great Value,Mozzarella Cheese,Dairy,3.9,3.49,True,UNITED STATES,synthetic
SYN_WALMART,cheese,200000570,800000000570,Great Value,Shredded Cheese,Dairy,4.27,,True,UNITED STATES,synthetic
SYN_WALMART,yogurt,200000571,800000000571,Great Value,Vanilla Yogurt,Dairy,3.15,,True,UNITED STATES,synthetic
SYN_WALMART,yogurt,200000572,800000000572,Great Value,Greek Yogurt,Dairy,1.67,,True,UNITED STATES,synthetic
SYN_WALMART,yogurt,200000573,800000000573,Great Value,Plain Yogurt,Dairy,1.97,,True,UNITED STATES,synthetic
SYN_WALMART,yogurt,200000574,800000000574,Great Value,Low Fat Yogurt,Dairy,2.55,2.01,True,UNITED STATES,synthetic
SYN_WALMART,yogurt,200000575,800000000575,Great Value,Organic Yogurt,Dairy,3.61,2.9,True,UNITED STATES,synthetic
SYN_WALMART,yogurt,200000576,800000000576,Great Value,Vanilla Yogurt,Dairy,3.75,2.9,True,UNITED STATES,synthetic
SYN_WALMART,yogurt,200000577,800000000577,Great Value,Low Fat Yogurt,Dairy,2.1,1.49,True,UNITED STATES,synthetic
SYN_WALMART,yogurt,200000578,800000000578,Great Value,Greek Yogurt,Dairy,3.08,,True,UNITED STATES,synthetic
SYN_WALMART,yogurt,200000579,800000000579,Great Value,Organic Yogurt,Dairy,2.5,,True,UNITED STATES,synthetic
SYN_WALMART,yogurt,200000580,800000000580,Great Value,Vanilla Yogurt,Dairy,5.23,,True,UNITED STATES,synthetic
SYN_WALMART,yogurt,200000581,800000000581,Great Value,Strawberry Yogurt,Dairy,3.06,2.56,True,UNITED STATES,synthetic
SYN_WALMART,yogurt,200000582,800000000582,Great Value,Vanilla Yogurt,Dairy,2.06,,True,UNITED STATES,synthetic
SYN_WALMART,yogurt,200000583,800000000583,Great Value,Plain Yogurt,Dairy,4.59,3.88,True,UNITED STATES,synthetic
SYN_WALMART,yogurt,200000584,800000000584,Great Value,Vanilla Yogurt,Dairy,0.96,,True,UNITED STATES,synthetic
SYN_WALMART,yogurt,200000585,800000000585,Great Value,Organic Yogurt,Dairy,4.14,3.1,True,UNITED STATES,synthetic
SYN_WALMART,yogurt,200000586,800000000586,Great Value,Organic Yogurt,Dairy,3.5,,True,UNITED STATES,synthetic
SYN_WALMART,yogurt,200000587,800000000587,Great Value,Vanilla Yogurt,Dairy,3.35,,True,UNITED STATES,synthetic
SYN_WALMART,yogurt,200000588,800000000588,Great Value,Vanilla Yogurt,Dairy,4.73,3.91,True,UNITED STATES,synthetic
SYN_WALMART,yogurt,200000589,800000000589,Great Value,Organic Yogurt,Dairy,0.82,,True,UNITED STATES,synthetic
SYN_WALMART,yogurt,200000590,800000000590,Great Value,Vanilla Yogurt,Dairy,1.37,,True,UNITED STATES,synthetic
SYN_WALMART,yogurt,200000591,800000000591,Great Value,Plain Yogurt,Dairy,5.09,,True,UNITED STATES,synthetic
SYN_WALMART,yogurt,200000592,800000000592,Great Value,Organic Yogurt,Dairy,5.3,4.88,True,UNITED STATES,synthetic
SYN_WALMART,yogurt,200000593,800000000593,Great Value,Plain Yogurt,Dairy,4.16,,True,UNITED STATES,synthetic
SYN_WALMART,yogurt,200000594,800000000594,Great Value,Strawberry Yogurt,Dairy,1.32,0.99,True,UNITED STATES,synthetic
SYN_WALMART,yogurt,200000595,800000000595,Great Value,Greek Yogurt,Dairy,0.9,,True,UNITED STATES,synthetic
SYN_WALMART,yogurt,200000596,800000000596,Great Value,Plain Yogurt,Dairy,3.22,,True,UNITED STATES,synthetic
SYN_WALMART,yogurt,200000597,800000000597,Great Value,Low Fat Yogurt,Dairy,4.68,,True,UNITED STATES,synthetic
SYN_WALMART,yogurt,200000598,800000000598,Great Value,Plain Yogurt,Dairy,3.16,1.91,True,UNITED STATES,synthetic
SYN_WALMART,yogurt,200000599,800000000599,Great Value,Strawberry Yogurt,Dairy,4.73,,True,UNITED STATES,synthetic
SYN_WALMART,yogurt,200000600,800000000600,Great Value,Greek Yogurt,Dairy,2.18,1.15,True,UNITED STATES,synthetic
